School,CountyReport,Number_of_Total_Cases,ReportDate,Time
Bel Air Elementary School,Harford,10,8/4/2021,15:00:00+00
Gilpin Manor Elementary School,Cecil,2,8/4/2021,15:00:00+00
Harmony Hills Elementary School,Montgomery,2,8/4/2021,15:00:00+00
Hope Academy,Baltimore City,2,8/4/2021,15:00:00+00
Ivymount School,Montgomery,3,8/4/2021,15:00:00+00
Oakdale Elementary School,Frederick,2,8/4/2021,15:00:00+00
Pemberton Elementary School,Wicomico,7,8/4/2021,15:00:00+00
Potomac Glen Day School,Montgomery,4,8/4/2021,15:00:00+00
Bel Air Elementary School,Harford,11,8/11/2021,15:00:00+00
Digital Harbor High School,Baltimore City,2,8/11/2021,15:00:00+00
Harmony Hills Elementary School,Montgomery,2,8/11/2021,15:00:00+00
Hope Academy,Baltimore City,2,8/11/2021,15:00:00+00
Ivymount School,Montgomery,3,8/11/2021,15:00:00+00
Oakdale Elementary School,Frederick,2,8/11/2021,15:00:00+00
Pemberton Elementary School,Wicomico,8,8/11/2021,15:00:00+00
Potomac Glen Day School,Montgomery,6,8/11/2021,15:00:00+00
Century High School,Carroll,2,8/18/2021,15:00:00+00
Maryland School for the Blind,Baltimore City,2,8/18/2021,15:00:00+00
Potomac Glen Day School,Montgomery,6,8/18/2021,15:00:00+00
Winfield Elementary School,Carroll,3,8/18/2021,15:00:00+00
Butterfly Ridge Elementary School,Frederick,2,8/25/2021,15:00:00+00
Century High School,Carroll,2,8/25/2021,15:00:00+00
Gerstell Academy,Carroll,2,8/25/2021,15:00:00+00
Hillcrest Elementary School,Frederick,2,8/25/2021,15:00:00+00
Lewistown Elementary School,Frederick,3,8/25/2021,15:00:00+00
Maryland School for the Blind,Baltimore City,2,8/25/2021,15:00:00+00
Orchard Grove Elementary School,Frederick,2,8/25/2021,15:00:00+00
Parkside High School,Wicomico,2,8/25/2021,15:00:00+00
Quince Orchard High School,Montgomery,24,8/25/2021,15:00:00+00
Reginald F. Lewis High School,Baltimore City,2,8/25/2021,15:00:00+00
South Carroll High School,Carroll,2,8/25/2021,15:00:00+00
Stephen Decatur High School,Worcester,2,8/25/2021,15:00:00+00
Success Program,Frederick,2,8/25/2021,15:00:00+00
Tuscarora Elementary School,Frederick,2,8/25/2021,15:00:00+00
Tuscarora High School,Frederick,4,8/25/2021,15:00:00+00
Wicomico Day School,Wicomico,2,8/25/2021,15:00:00+00
Wicomico High School,Wicomico,2,8/25/2021,15:00:00+00
Winfield Elementary School,Carroll,3,8/25/2021,15:00:00+00
Atholton Adventist Academy,Howard,2,9/1/2021,15:00:00+00
Bullis School - Football Team,Montgomery,3,9/1/2021,15:00:00+00
Butterfly Ridge Elementary School,Frederick,2,9/1/2021,15:00:00+00
Carroll Manor Elementary School,Frederick,3,9/1/2021,15:00:00+00
Century High School,Carroll,5,9/1/2021,15:00:00+00
Chopticon High School,St. Mary's,6,9/1/2021,15:00:00+00
Damascus High School,Montgomery,2,9/1/2021,15:00:00+00
Dr. Henry A. Wise Jr. High School,Prince George's,4,9/1/2021,15:00:00+00
Frederick Christian Academy,Frederick,4,9/1/2021,15:00:00+00
Friends School of Baltimore,Baltimore City,2,9/1/2021,15:00:00+00
Gerstell Academy,Carroll,2,9/1/2021,15:00:00+00
Hancock Middle-Senior High School,Washington,3,9/1/2021,15:00:00+00
Hillcrest Elementary School,Frederick,2,9/1/2021,15:00:00+00
John L Gildner - RICA,Montgomery,2,9/1/2021,15:00:00+00
Lewistown Elementary School,Frederick,5,9/1/2021,15:00:00+00
Lillie May Jackson Charter Public School,Baltimore City,13,9/1/2021,15:00:00+00
Marriotts Ridge High School,Howard,4,9/1/2021,15:00:00+00
Monocacy Valley Montessori Public Charter School,Frederick,2,9/1/2021,15:00:00+00
Orchard Grove Elementary School,Frederick,2,9/1/2021,15:00:00+00
Parkside High School,Wicomico,4,9/1/2021,15:00:00+00
Potomac High School,Prince George's,2,9/1/2021,15:00:00+00
Quince Orchard High School,Montgomery,25,9/1/2021,15:00:00+00
Reid Temple Academy,Prince George's,3,9/1/2021,15:00:00+00
Seneca Valley High School,Montgomery,2,9/1/2021,15:00:00+00
South Carroll High School,Carroll,3,9/1/2021,15:00:00+00
St. John's School,St. Mary's,3,9/1/2021,15:00:00+00
Stephen Decatur High School,Worcester,4,9/1/2021,15:00:00+00
Success Program,Frederick,2,9/1/2021,15:00:00+00
Thurmont Middle School,Frederick,2,9/1/2021,15:00:00+00
Tuscarora Elementary School,Frederick,2,9/1/2021,15:00:00+00
Tuscarora High School,Frederick,5,9/1/2021,15:00:00+00
Walkersville High School,Frederick,3,9/1/2021,15:00:00+00
Westminster High School,Carroll,2,9/1/2021,15:00:00+00
Wicomico Day School,Wicomico,3,9/1/2021,15:00:00+00
Allegany High School,Allegany,4,9/8/2021,15:00:00+00
Archbishop Neale School,Charles,2,9/8/2021,15:00:00+00
Arundel Christian School,Anne Arundel,4,9/8/2021,15:00:00+00
Atholton Adventist Academy,Howard,2,9/8/2021,15:00:00+00
Ballenger Creek Middle School,Frederick,4,9/8/2021,15:00:00+00
Blue Heron Elementary School,Frederick,2,9/8/2021,15:00:00+00
Bohemia Manor High School,Cecil,3,9/8/2021,15:00:00+00
Braddock Middle School,Allegany,2,9/8/2021,15:00:00+00
Broadfording Christian Academy,Washington,2,9/8/2021,15:00:00+00
Brunswick High School,Frederick,2,9/8/2021,15:00:00+00
Burning Tree Elementary School,Montgomery,2,9/8/2021,15:00:00+00
C. Milton Wright High School,Harford,3,9/8/2021,15:00:00+00
Carroll Manor Elementary School,Frederick,3,9/8/2021,15:00:00+00
Century High School,Carroll,6,9/8/2021,15:00:00+00
Chopticon High School,St. Mary's,7,9/8/2021,15:00:00+00
Dayton Elementary School,Howard,2,9/8/2021,15:00:00+00
Dr. Henry A. Wise Jr. High School,Prince George's,7,9/8/2021,15:00:00+00
Ducketts Lane Elementary School,Howard,2,9/8/2021,15:00:00+00
Fort Hill High School,Allegany,4,9/8/2021,15:00:00+00
Frederick Christian Academy,Frederick,4,9/8/2021,15:00:00+00
Friends School of Baltimore,Baltimore City,2,9/8/2021,15:00:00+00
Glade Elementary School,Frederick,4,9/8/2021,15:00:00+00
Glen Burnie High School,Anne Arundel,3,9/8/2021,15:00:00+00
Hammond High School,Howard,2,9/8/2021,15:00:00+00
Hancock Middle-Senior High School,Washington,3,9/8/2021,15:00:00+00
John Carroll High School,Harford,5,9/8/2021,15:00:00+00
Kent Island High School,Queen Anne's,3,9/8/2021,15:00:00+00
Lewistown Elementary School,Frederick,5,9/8/2021,15:00:00+00
Lillie May Jackson Charter Public School,Baltimore City,16,9/8/2021,15:00:00+00
Linganore High School,Frederick,3,9/8/2021,15:00:00+00
Marriotts Ridge High School,Howard,4,9/8/2021,15:00:00+00
Monocacy Elementary School,Frederick,3,9/8/2021,15:00:00+00
Old Forge Elementary School,Washington,2,9/8/2021,15:00:00+00
Parkside High School,Wicomico,15,9/8/2021,15:00:00+00
Potomac High School,Prince George's,2,9/8/2021,15:00:00+00
Quince Orchard High School,Montgomery,25,9/8/2021,15:00:00+00
Randallstown High School,Baltimore,2,9/8/2021,15:00:00+00
Reid Temple Academy,Prince George's,3,9/8/2021,15:00:00+00
River Hill High School,Howard,2,9/8/2021,15:00:00+00
Saint Frances Academy,Baltimore City,2,9/8/2021,15:00:00+00
St. John's School,St. Mary's,5,9/8/2021,15:00:00+00
St. Paul's Lutheran School,Anne Arundel,4,9/8/2021,15:00:00+00
St. Philip-Neri School,Anne Arundel,2,9/8/2021,15:00:00+00
Stephen Decatur High School,Worcester,6,9/8/2021,15:00:00+00
The Key School,Anne Arundel,4,9/8/2021,15:00:00+00
Thurmont Middle School,Frederick,11,9/8/2021,15:00:00+00
Trinity School,Howard,2,9/8/2021,15:00:00+00
Walkersville High School,Frederick,4,9/8/2021,15:00:00+00
Westminster High School,Carroll,2,9/8/2021,15:00:00+00
Whittier Elementary School,Frederick,2,9/8/2021,15:00:00+00
Wicomico Day School,Wicomico,5,9/8/2021,15:00:00+00
Woodlawn High School,Baltimore,4,9/8/2021,15:00:00+00
Archbishop Curley High School,Baltimore City,2,9/15/2021,15:00:00+00
Archbishop Neale School,Charles,2,9/15/2021,15:00:00+00
Arundel Christian School,Anne Arundel,6,9/15/2021,15:00:00+00
Ballenger Creek Middle School,Frederick,4,9/15/2021,15:00:00+00
Bellows Spring Elementary School,Howard,2,9/15/2021,15:00:00+00
Bohemia Manor High School,Cecil,3,9/15/2021,15:00:00+00
Broadfording Christian Academy,Washington,19,9/15/2021,15:00:00+00
Broadneck High School,Anne Arundel,2,9/15/2021,15:00:00+00
Brunswick Elementary School,Frederick,5,9/15/2021,15:00:00+00
Brunswick High School,Frederick,2,9/15/2021,15:00:00+00
Bryant Woods Elementary School,Howard,4,9/15/2021,15:00:00+00
Burning Tree Elementary School,Montgomery,2,9/15/2021,15:00:00+00
C. Milton Wright High School,Harford,3,9/15/2021,15:00:00+00
Calvert Hall College High School,Baltimore,2,9/15/2021,15:00:00+00
Career Center for Technical Education,Allegany,2,9/15/2021,15:00:00+00
Carter G.  Woodson Elementary School,Somerset,4,9/15/2021,15:00:00+00
Cedarmere Elementary School,Baltimore,6,9/15/2021,15:00:00+00
Chopticon High School,St. Mary's,12,9/15/2021,15:00:00+00
Church Lane Elementary School,Baltimore,5,9/15/2021,15:00:00+00
Columbia Academy Elementary and Middle School,Howard,3,9/15/2021,15:00:00+00
Dayton Elementary School,Howard,2,9/15/2021,15:00:00+00
Divine Mercy Academy,Anne Arundel,7,9/15/2021,15:00:00+00
Don Bosco Cristo Rey High School,Montgomery,2,9/15/2021,15:00:00+00
Dr. Henry A. Wise Jr. High School,Prince George's,8,9/15/2021,15:00:00+00
Ducketts Lane Elementary School,Howard,2,9/15/2021,15:00:00+00
Emmitsburg Elementary School,Frederick,2,9/15/2021,15:00:00+00
Folly Quarter Middle School,Howard,2,9/15/2021,15:00:00+00
Fort Hill High School,Allegany,8,9/15/2021,15:00:00+00
Franklin Middle School,Baltimore,2,9/15/2021,15:00:00+00
Frederick High School,Frederick,2,9/15/2021,15:00:00+00
Friends School of Baltimore,Baltimore City,4,9/15/2021,15:00:00+00
Glade Elementary School,Frederick,4,9/15/2021,15:00:00+00
Glen Burnie High School,Anne Arundel,3,9/15/2021,15:00:00+00
Great Mills High School,St. Mary's,4,9/15/2021,15:00:00+00
Green Holly Elementary School,St. Mary's,2,9/15/2021,15:00:00+00
Gwynn Park High School,Prince George's,11,9/15/2021,15:00:00+00
Hammond Elementary School,Howard,3,9/15/2021,15:00:00+00
Hammond High School,Howard,2,9/15/2021,15:00:00+00
Harford Technical High School,Harford,4,9/15/2021,15:00:00+00
Havre de Grace Elementary School,Harford,2,9/15/2021,15:00:00+00
Joppatowne High School,Harford,2,9/15/2021,15:00:00+00
Kent Island Elementary School,Queen Anne's,2,9/15/2021,15:00:00+00
Kent Island High School,Queen Anne's,4,9/15/2021,15:00:00+00
Laurel Woods Elementary School,Howard,2,9/15/2021,15:00:00+00
Leonardtown Elementary School,St. Mary's,4,9/15/2021,15:00:00+00
Leonardtown High School,St. Mary's,6,9/15/2021,15:00:00+00
Lillie May Jackson Charter Public School,Baltimore City,16,9/15/2021,15:00:00+00
Margaret Brent Middle School,St. Mary's,7,9/15/2021,15:00:00+00
Maryland School for the Deaf,Frederick,2,9/15/2021,15:00:00+00
Middletown Elementary School,Frederick,2,9/15/2021,15:00:00+00
Milford Mill Academy,Baltimore,3,9/15/2021,15:00:00+00
Monocacy Elementary School,Frederick,3,9/15/2021,15:00:00+00
Monsignor Slade Catholic School,Anne Arundel,2,9/15/2021,15:00:00+00
Mount Savage School,Allegany,2,9/15/2021,15:00:00+00
Mountain Ridge High School,Allegany,6,9/15/2021,15:00:00+00
Myersville Elementary School,Frederick,2,9/15/2021,15:00:00+00
New Life Christian School,Frederick,2,9/15/2021,15:00:00+00
Northeast High School,Anne Arundel,6,9/15/2021,15:00:00+00
Northern Middle School,Washington,8,9/15/2021,15:00:00+00
Oakdale Middle School,Frederick,2,9/15/2021,15:00:00+00
Old Forge Elementary School,Washington,2,9/15/2021,15:00:00+00
Orchard Grove Elementary School,Frederick,2,9/15/2021,15:00:00+00
Parkside High School,Wicomico,18,9/15/2021,15:00:00+00
Patapsco High School,Baltimore,3,9/15/2021,15:00:00+00
Pine Grove Elementary School,Baltimore,2,9/15/2021,15:00:00+00
Piney Point Elementary School,St. Mary's,7,9/15/2021,15:00:00+00
Plum Point Elementary School,Calvert,8,9/15/2021,15:00:00+00
Ridgely Elementary School,Caroline,3,9/15/2021,15:00:00+00
River Hill High School,Howard,2,9/15/2021,15:00:00+00
Saint Frances Academy,Baltimore City,2,9/15/2021,15:00:00+00
Seven Oaks Elementary School,Baltimore,2,9/15/2021,15:00:00+00
Severn School,Anne Arundel,2,9/15/2021,15:00:00+00
Showell Elementary School,Worcester,2,9/15/2021,15:00:00+00
Somerset Intermediate School,Somerset,12,9/15/2021,15:00:00+00
South Penn Elementary School,Allegany,9,9/15/2021,15:00:00+00
Springfield Middle School,Washington,2,9/15/2021,15:00:00+00
St. John Regional Catholic School,Frederick,3,9/15/2021,15:00:00+00
St. Margaret School,Harford,2,9/15/2021,15:00:00+00
St. Mark School,Baltimore,2,9/15/2021,15:00:00+00
St. Paul's Lutheran School,Anne Arundel,4,9/15/2021,15:00:00+00
St. Philip-Neri School,Anne Arundel,3,9/15/2021,15:00:00+00
Stephen Decatur High School,Worcester,6,9/15/2021,15:00:00+00
Talmudical Academy of Baltimore,Baltimore,15,9/15/2021,15:00:00+00
The Key School,Anne Arundel,5,9/15/2021,15:00:00+00
Thurmont Middle School,Frederick,12,9/15/2021,15:00:00+00
Trinity School,Howard,2,9/15/2021,15:00:00+00
Tuscarora High School,Frederick,9,9/15/2021,15:00:00+00
Valley Elementary School,Frederick,2,9/15/2021,15:00:00+00
Walkersville Elementary School,Frederick,2,9/15/2021,15:00:00+00
Walkersville High School,Frederick,6,9/15/2021,15:00:00+00
Walkersville Middle School,Frederick,2,9/15/2021,15:00:00+00
Washington Middle School,Allegany,3,9/15/2021,15:00:00+00
White Marsh Elementary School,St. Mary's,2,9/15/2021,15:00:00+00
Williamsport High School,Washington,17,9/15/2021,15:00:00+00
Worcester Preparatory School,Worcester,3,9/15/2021,15:00:00+00
Allegany High School,Allegany,9,9/29/2021,15:00:00+00
Al-Rahmah School,Baltimore,2,9/29/2021,15:00:00+00
Beall Elementary School,Allegany,2,9/29/2021,15:00:00+00
Benjamin Foulois Creative & Performing Arts Academy,Prince George's,4,9/29/2021,15:00:00+00
Bethel Christian Academy,Howard,2,9/29/2021,15:00:00+00
Braddock Middle School,Allegany,13,9/29/2021,15:00:00+00
Broadfording Christian Academy,Washington,25,9/29/2021,15:00:00+00
Broadneck High School,Anne Arundel,4,9/29/2021,15:00:00+00
Brooklyn Park Elementary School,Anne Arundel,3,9/29/2021,15:00:00+00
Burning Tree Elementary School,Montgomery,2,9/29/2021,15:00:00+00
Calvin M. Rodwell Elementary/Middle School,Baltimore City,6,9/29/2021,15:00:00+00
Career Center for Technical Education,Allegany,18,9/29/2021,15:00:00+00
Carroll Manor Elementary School,Baltimore,2,9/29/2021,15:00:00+00
Carter G.  Woodson Elementary School,Somerset,29,9/29/2021,15:00:00+00
Catoctin High School,Frederick,12,9/29/2021,15:00:00+00
Center for Applied Technologies North,Anne Arundel,5,9/29/2021,15:00:00+00
Centreville Middle School,Queen Anne's,7,9/29/2021,15:00:00+00
Chesapeake Bay Middle School,Anne Arundel,9,9/29/2021,15:00:00+00
Chesapeake City Elementary School,Cecil,8,9/29/2021,15:00:00+00
Chesapeake High School,Anne Arundel,23,9/29/2021,15:00:00+00
Clarksville Elementary,Howard,2,9/29/2021,15:00:00+00
Clear Springs High School,Washington,2,9/29/2021,15:00:00+00
Columbia Academy Elementary and Middle School,Howard,3,9/29/2021,15:00:00+00
Corkran Middle School,Anne Arundel,3,9/29/2021,15:00:00+00
Cradle Rock Elementary,Howard,3,9/29/2021,15:00:00+00
Crofton High School,Anne Arundel,8,9/29/2021,15:00:00+00
Crofton Woods Elementary School,Anne Arundel,2,9/29/2021,15:00:00+00
Crossroads Center School,Baltimore,3,9/29/2021,15:00:00+00
Damascus High School,Montgomery,3,9/29/2021,15:00:00+00
Deerfield Elementary School,Harford,2,9/29/2021,15:00:00+00
Dublin Elementary School,Harford,2,9/29/2021,15:00:00+00
Dundalk Elementary School,Baltimore,2,9/29/2021,15:00:00+00
Dunloggin Middle School,Howard,2,9/29/2021,15:00:00+00
Dynard Elementary School,St. Mary's,2,9/29/2021,15:00:00+00
Easton Elementary School,Talbot,3,9/29/2021,15:00:00+00
Ebb Valley Elementary School,Carroll,2,9/29/2021,15:00:00+00
Elmer Wolfe Elementary School,Carroll,2,9/29/2021,15:00:00+00
"Father Andrew White, S.J. School",St. Mary's,2,9/29/2021,15:00:00+00
Federalsburg Elementary School,Caroline,8,9/29/2021,15:00:00+00
Forbush School at Hunt Valley (Sheppard Pratt),Baltimore,2,9/29/2021,15:00:00+00
Forest Ridge Elementary School,Howard,3,9/29/2021,15:00:00+00
Fort Hill High School,Allegany,15,9/29/2021,15:00:00+00
Friends School of Baltimore,Baltimore City,35,9/29/2021,15:00:00+00
Galena Elementary School,Kent,2,9/29/2021,15:00:00+00
Good Shepard Catholic School,Cecil,3,9/29/2021,15:00:00+00
Governor Thomas Johnson High School,Frederick,3,9/29/2021,15:00:00+00
Great Mills High School,St. Mary's,19,9/29/2021,15:00:00+00
Greenview Knolls Elementary School,St. Mary's,2,9/29/2021,15:00:00+00
Greenwood Elementary School,Somerset,7,9/29/2021,15:00:00+00
Gwynn Park High School,Prince George's,14,9/29/2021,15:00:00+00
Hammond Elementary School,Howard,5,9/29/2021,15:00:00+00
Hancock Middle-Senior High School,Washington,6,9/29/2021,15:00:00+00
Hannover Hills Elementary School,Howard,6,9/29/2021,15:00:00+00
Harford Day School,Harford,2,9/29/2021,15:00:00+00
Harford Technical High School,Harford,4,9/29/2021,15:00:00+00
Havre de Grace Elementary School,Harford,6,9/29/2021,15:00:00+00
Heritage Academy,Washington,2,9/29/2021,15:00:00+00
Hollywood Elementary School,St. Mary's,4,9/29/2021,15:00:00+00
James M. Bennett High School,Wicomico,4,9/29/2021,15:00:00+00
Joppatowne Elementary School,Harford,4,9/29/2021,15:00:00+00
Joppatowne High School,Harford,2,9/29/2021,15:00:00+00
Kent Island Elementary School,Queen Anne's,4,9/29/2021,15:00:00+00
Kingsville Elementary School,Baltimore,3,9/29/2021,15:00:00+00
Landon School,Montgomery,7,9/29/2021,15:00:00+00
Lansdowne High School,Baltimore,2,9/29/2021,15:00:00+00
Laurel Woods Elementary School,Howard,4,9/29/2021,15:00:00+00
Leonardtown High School,St. Mary's,35,9/29/2021,15:00:00+00
Lillie May Jackson Charter Public School,Baltimore City,16,9/29/2021,15:00:00+00
Linton Springs Elementary School,Carroll,6,9/29/2021,15:00:00+00
Living Hope Christian School,Somerset,9,9/29/2021,15:00:00+00
Lucy School,Frederick,2,9/29/2021,15:00:00+00
Magothy River Middle School,Anne Arundel,4,9/29/2021,15:00:00+00
Margaret Brent Middle School,St. Mary's,61,9/29/2021,15:00:00+00
Mary H. Matula Elementary School,Charles,9,9/29/2021,15:00:00+00
Maryland International School of Sustainability and Technology,Washington,7,9/29/2021,15:00:00+00
Maryland School for the Deaf,Frederick,6,9/29/2021,15:00:00+00
Mattawoman Middle School,Charles,2,9/29/2021,15:00:00+00
Middletown Primary School,Frederick,3,9/29/2021,15:00:00+00
Monsignor Slade Catholic School,Anne Arundel,9,9/29/2021,15:00:00+00
Most Blessed Sacrament Catholic School,Worcester,3,9/29/2021,15:00:00+00
Mount Airy Middle School,Carroll,2,9/29/2021,15:00:00+00
Mount Airy Middle School,Carroll,2,9/29/2021,15:00:00+00
Mount View Middle School,Howard,2,9/29/2021,15:00:00+00
Mountain Ridge High School,Allegany,14,9/29/2021,15:00:00+00
New Life Christian School,Frederick,8,9/29/2021,15:00:00+00
New Town High School,Baltimore,6,9/29/2021,15:00:00+00
North Bethesda Middle School,Montgomery,16,9/29/2021,15:00:00+00
North Caroline High School,Caroline,6,9/29/2021,15:00:00+00
North Dorchester High School,Dorchester,19,9/29/2021,15:00:00+00
North Dorchester Middle School,Dorchester,19,9/29/2021,15:00:00+00
Northeast Middle School,Cecil,20,9/29/2021,15:00:00+00
North Hagerstown High School,Washington,2,9/29/2021,15:00:00+00
Northeast High School,Anne Arundel,22,9/29/2021,15:00:00+00
Northeast Middle School,Anne Arundel,9,9/29/2021,15:00:00+00
Northern Middle School,Washington,17,9/29/2021,15:00:00+00
Northern Middle School,Garrett,5,9/29/2021,15:00:00+00
Northwest Middle School,Carroll,27,9/29/2021,15:00:00+00
Oakdale Elementary School,Frederick,2,9/29/2021,15:00:00+00
Oakdale Middle School,Frederick,6,9/29/2021,15:00:00+00
Ocean City Elementary School,Worcester,2,9/29/2021,15:00:00+00
Ohr Chadash Academy of Baltimore,Baltimore City,7,9/29/2021,15:00:00+00
Old Mill Middle School,Anne Arundel,3,9/29/2021,15:00:00+00
Orchard Grove Elementary School,Frederick,5,9/29/2021,15:00:00+00
Parkside High School,Wicomico,26,9/29/2021,15:00:00+00
Patapsco High School,Baltimore,6,9/29/2021,15:00:00+00
Perry Hall Christian School,Baltimore,6,9/29/2021,15:00:00+00
Phelps Luck Elementary School,Howard,4,9/29/2021,15:00:00+00
Piney Point Elementary School,St. Mary's,24,9/29/2021,15:00:00+00
Pocomoke High School,Worcester,4,9/29/2021,15:00:00+00
Prince Street Elementary School,Wicomico,2,9/29/2021,15:00:00+00
Queen Anne's County High School,Queen Anne's,5,9/29/2021,15:00:00+00
Redeemer Classical Christian School,Baltimore,7,9/29/2021,15:00:00+00
Reservoir High School,Howard,4,9/29/2021,15:00:00+00
Ridgely Middle School,Baltimore,3,9/29/2021,15:00:00+00
Rising Sun Middle School,Cecil,7,9/29/2021,15:00:00+00
Riverview Elementary School,Baltimore,2,9/29/2021,15:00:00+00
Robert Frost Middle School,Montgomery,3,9/29/2021,15:00:00+00
Running Brook Elementary School,Howard,4,9/29/2021,15:00:00+00
Salisbury Christian School,Wicomico,3,9/29/2021,15:00:00+00
School of the Incarnation,Anne Arundel,2,9/29/2021,15:00:00+00
Seaside Christian Academy,Worcester,4,9/29/2021,15:00:00+00
Severn Elementary School,Anne Arundel,2,9/29/2021,15:00:00+00
Shady Spring Elementary School,Baltimore,7,9/29/2021,15:00:00+00
Sheppard Pratt School in Glyndon - Reisterstown,Baltimore,2,9/29/2021,15:00:00+00
Showell Elementary School,Worcester,11,9/29/2021,15:00:00+00
Silver Oak Academy,Carroll,3,9/29/2021,15:00:00+00
Snow Hill High School,Worcester,6,9/29/2021,15:00:00+00
Snow Hill Middle School,Worcester,17,9/29/2021,15:00:00+00
Solley Elementary School,Anne Arundel,3,9/29/2021,15:00:00+00
Somerset Intermediate School,Somerset,15,9/29/2021,15:00:00+00
South Hagerstown High School,Washington,2,9/29/2021,15:00:00+00
South Penn Elementary School,Allegany,11,9/29/2021,15:00:00+00
Southern Middle School,Garrett,3,9/29/2021,15:00:00+00
Southern Middle School,Anne Arundel,6,9/29/2021,15:00:00+00
Sparrows Point High School,Baltimore,2,9/29/2021,15:00:00+00
St Margaret Middle School,Harford,3,9/29/2021,15:00:00+00
St. James Academy,Baltimore,4,9/29/2021,15:00:00+00
St. Jerome Academy,Prince George's,14,9/29/2021,15:00:00+00
Saint John's Catholic Preparatory School,Frederick,2,9/29/2021,15:00:00+00
St. Margaret School,Harford,5,9/29/2021,15:00:00+00
St. Michael's Elementary School,Talbot,2,9/29/2021,15:00:00+00
St. Paul's Lutheran School,Baltimore,5,9/29/2021,15:00:00+00
St. Philip-Neri School,Anne Arundel,3,9/29/2021,15:00:00+00
St. Ursula Catholic School,Baltimore,29,9/29/2021,15:00:00+00
Sykesville Middle School,Carroll,7,9/29/2021,15:00:00+00
T.C. Martin Elementary School,Charles,3,9/29/2021,15:00:00+00
Talmudical Academy of Baltimore,Baltimore,36,9/29/2021,15:00:00+00
The Historic Cherry Hill Elementary and Middle School,Baltimore City,6,9/29/2021,15:00:00+00
Thurmont Middle School,Frederick,16,9/29/2021,15:00:00+00
Tri-State Christian Academy,Cecil,9,9/29/2021,15:00:00+00
Tuscarora Elementary School,Frederick,4,9/29/2021,15:00:00+00
University Park Elementary School,Prince George's,4,9/29/2021,15:00:00+00
Walkersville Middle School,Frederick,5,9/29/2021,15:00:00+00
Washington High School,Somerset,11,9/29/2021,15:00:00+00
Wellwood International School,Baltimore,2,9/29/2021,15:00:00+00
Western Heights Middle,Washington,17,9/29/2021,15:00:00+00
Westminster Elementary School,Carroll,2,9/29/2021,15:00:00+00
Wilde Lake Middle School,Howard,4,9/29/2021,15:00:00+00
Williamsport High School,Washington,20,9/29/2021,15:00:00+00
Worcester Preparatory School,Worcester,5,9/29/2021,15:00:00+00
Worthington Elementary School,Howard,6,9/29/2021,15:00:00+00
Yellow Springs Elementary School,Frederick,2,9/29/2021,15:00:00+00
Accident Elementary School,Garrett,2,10/6/2021,15:00:00+00
Allegany High School,Allegany,15,10/6/2021,15:00:00+00
Alphabet Education Inc at Mary B Neal Elementary,Charles,2,10/6/2021,15:00:00+00
Annapolis Area Christian School - Lower School Annapolis,Anne Arundel,2,10/6/2021,15:00:00+00
Annapolis Area Christian School - Severn Campus Lower School,Anne Arundel,2,10/6/2021,15:00:00+00
Beall Elementary School,Allegany,3,10/6/2021,15:00:00+00
Bel Air Elementary School,Allegany,3,10/6/2021,15:00:00+00
Benjamin Foulois Creative & Performing Arts Academy,Prince George's,11,10/6/2021,15:00:00+00
Bethel Christian Academy,Howard,2,10/6/2021,15:00:00+00
Bethesda-Chevy Chase High School,Montgomery,2,10/6/2021,15:00:00+00
Bodkin Elementary School,Anne Arundel,2,10/6/2021,15:00:00+00
Bohemia Manor High School,Cecil,3,10/6/2021,15:00:00+00
Braddock Middle School,Allegany,16,10/6/2021,15:00:00+00
Bridgeway Elementary School,Anne Arundel,2,10/6/2021,15:00:00+00
Broadfording Christian Academy,Washington,27,10/6/2021,15:00:00+00
Brooklyn Park Middle School,Anne Arundel,2,10/6/2021,15:00:00+00
The Bryn Mawr School,Baltimore City,6,10/6/2021,15:00:00+00
Buckingham Elementary School,Worcester,2,10/6/2021,15:00:00+00
Calvert Hall College High School,Baltimore,10,10/6/2021,15:00:00+00
Calvin M. Rodwell Elementary/Middle School,Baltimore City,6,10/6/2021,15:00:00+00
Captain Walter Francis Duke Middle School,St. Mary's,8,10/6/2021,15:00:00+00
Cardinal Shehan School,Baltimore City,4,10/6/2021,15:00:00+00
Career Center for Technical Education,Allegany,27,10/6/2021,15:00:00+00
Carter G.  Woodson Elementary School,Somerset,33,10/6/2021,15:00:00+00
Catoctin High School,Frederick,15,10/6/2021,15:00:00+00
Caver Vocational High School,Baltimore City,5,10/6/2021,15:00:00+00
Centreville Middle School,Queen Anne's,7,10/6/2021,15:00:00+00
Chesapeake Bay Middle School,Anne Arundel,13,10/6/2021,15:00:00+00
Chesapeake City Elementary School,Cecil,9,10/6/2021,15:00:00+00
Chesapeake High School,Anne Arundel,24,10/6/2021,15:00:00+00
Clarksville Elementary,Howard,2,10/6/2021,15:00:00+00
Clear Springs High School,Washington,3,10/6/2021,15:00:00+00
Clemens Crossing Elementary School,Howard,2,10/6/2021,15:00:00+00
Cockeysville Middle School,Baltimore,2,10/6/2021,15:00:00+00
Columbia Academy Elementary and Middle School,Howard,3,10/6/2021,15:00:00+00
Cradle Rock Elementary,Howard,3,10/6/2021,15:00:00+00
Crisfield High School,Somerset,9,10/6/2021,15:00:00+00
Crofton High School,Anne Arundel,10,10/6/2021,15:00:00+00
Crofton Middle School,Anne Arundel,2,10/6/2021,15:00:00+00
Crofton Woods Elementary School,Anne Arundel,2,10/6/2021,15:00:00+00
Damascus High School,Montgomery,3,10/6/2021,15:00:00+00
Diamond Elementary School,Montgomery,3,10/6/2021,15:00:00+00
Dr. Nathan A. Pitts-Ashburton Elementary/Middle School,Baltimore City,10,10/6/2021,15:00:00+00
Dublin Elementary School,Harford,4,10/6/2021,15:00:00+00
Dulaney High School,Baltimore,2,10/6/2021,15:00:00+00
Dynard Elementary School,St. Mary's,2,10/6/2021,15:00:00+00
Easton Elementary School,Talbot,3,10/6/2021,15:00:00+00
Ebb Valley Elementary School,Carroll,2,10/6/2021,15:00:00+00
Elmwood Elementary School,Baltimore,4,10/6/2021,15:00:00+00
Esperanza Middle School,St. Mary's,15,10/6/2021,15:00:00+00
Federalsburg Elementary School,Caroline,8,10/6/2021,15:00:00+00
Forbush School at Hunt Valley (Sheppard Pratt),Baltimore,2,10/6/2021,15:00:00+00
Fort Hill High School,Allegany,29,10/6/2021,15:00:00+00
Friends School of Baltimore,Baltimore City,39,10/6/2021,15:00:00+00
Gilpin Manor Elementary School,Cecil,2,10/6/2021,15:00:00+00
Good Shepard Catholic School,Cecil,5,10/6/2021,15:00:00+00
Grange Elementary School,Baltimore,2,10/6/2021,15:00:00+00
Great Mills High School,St. Mary's,34,10/6/2021,15:00:00+00
Greenview Knolls Elementary School,St. Mary's,2,10/6/2021,15:00:00+00
Greenwood Elementary School,Somerset,11,10/6/2021,15:00:00+00
Halethorpe Elementary School,Baltimore,2,10/6/2021,15:00:00+00
Hancock Middle-Senior High School,Washington,6,10/6/2021,15:00:00+00
Harford Technical High School,Harford,17,10/6/2021,15:00:00+00
Havre de Grace Elementary School,Harford,9,10/6/2021,15:00:00+00
Havre de Grace High School,Harford,2,10/6/2021,15:00:00+00
High Point Elementary School,Anne Arundel,2,10/6/2021,15:00:00+00
Hollywood Elementary School,St. Mary's,4,10/6/2021,15:00:00+00
Howard High School,Howard,5,10/6/2021,15:00:00+00
James M. Bennett High School,Wicomico,4,10/6/2021,15:00:00+00
Jemicy School,Baltimore,2,10/6/2021,15:00:00+00
John Archer School,Harford,2,10/6/2021,15:00:00+00
Joppatowne Elementary School,Harford,4,10/6/2021,15:00:00+00
Kennard Elementary School,Queen Anne's,4,10/6/2021,15:00:00+00
Kent Island Elementary School,Queen Anne's,6,10/6/2021,15:00:00+00
Kent Island High School,Queen Anne's,7,10/6/2021,15:00:00+00
Kingsville Elementary School,Baltimore,3,10/6/2021,15:00:00+00
La Plata High School,Charles,4,10/6/2021,15:00:00+00
Landon School,Montgomery,8,10/6/2021,15:00:00+00
Laurel Woods Elementary School,Howard,4,10/6/2021,15:00:00+00
Leonardtown High School,St. Mary's,71,10/6/2021,15:00:00+00
Leonardtown Middle School,St. Mary's,22,10/6/2021,15:00:00+00
Lexington Park Elementary School,St. Mary's,2,10/6/2021,15:00:00+00
Living Hope Christian School,Somerset,11,10/6/2021,15:00:00+00
Logan Elementary School,Baltimore,3,10/6/2021,15:00:00+00
Lutherville Laboratory,Baltimore,3,10/6/2021,15:00:00+00
Magothy River Middle School,Anne Arundel,4,10/6/2021,15:00:00+00
Margaret Brent Middle School,St. Mary's,62,10/6/2021,15:00:00+00
Marley Elementary School,Anne Arundel,7,10/6/2021,15:00:00+00
Maryland International School of Sustainability and Technology,Washington,7,10/6/2021,15:00:00+00
Mattawoman Middle School,Charles,5,10/6/2021,15:00:00+00
McDonogh School,Baltimore,2,10/6/2021,15:00:00+00
Mechanicsville Elementary School,Carroll,3,10/6/2021,15:00:00+00
Middletown High School,Frederick,2,10/6/2021,15:00:00+00
Monarch Global Academy,Anne Arundel,9,10/6/2021,15:00:00+00
Monsignor Slade Catholic School,Anne Arundel,10,10/6/2021,15:00:00+00
Mount Airy Middle School,Carroll,2,10/6/2021,15:00:00+00
Mount View Middle School,Howard,5,10/6/2021,15:00:00+00
Mountain Ridge High School,Allegany,21,10/6/2021,15:00:00+00
New Life Christian School,Frederick,8,10/6/2021,15:00:00+00
New Town High School,Baltimore,7,10/6/2021,15:00:00+00
North Bethesda Middle School,Montgomery,16,10/6/2021,15:00:00+00
North Caroline High School,Caroline,7,10/6/2021,15:00:00+00
North County High School,Anne Arundel,2,10/6/2021,15:00:00+00
North Dorchester High School,Dorchester,20,10/6/2021,15:00:00+00
North Dorchester Middle School,Dorchester,20,10/6/2021,15:00:00+00
Northeast Middle School,Cecil,30,10/6/2021,15:00:00+00
North Hagerstown High School,Washington,4,10/6/2021,15:00:00+00
Northeast High School,Anne Arundel,25,10/6/2021,15:00:00+00
Northeast Middle School,Anne Arundel,11,10/6/2021,15:00:00+00
Northern Middle School,Washington,18,10/6/2021,15:00:00+00
Northwest Middle School,Carroll,27,10/6/2021,15:00:00+00
Oakdale Middle School,Frederick,6,10/6/2021,15:00:00+00
Oakleigh Elementary School,Baltimore,2,10/6/2021,15:00:00+00
Oakville Elementary School,St. Mary's,2,10/6/2021,15:00:00+00
Oakwood Elementary School,Anne Arundel,5,10/6/2021,15:00:00+00
Old Mill High School,Anne Arundel,2,10/6/2021,15:00:00+00
Old Mill Middle School,Anne Arundel,18,10/6/2021,15:00:00+00
Orchard Grove Elementary School,Frederick,11,10/6/2021,15:00:00+00
Parkside High School,Wicomico,27,10/6/2021,15:00:00+00
Patapsco High School,Baltimore,6,10/6/2021,15:00:00+00
Perry Hall Christian School,Baltimore,6,10/6/2021,15:00:00+00
Perryville High School,Cecil,8,10/6/2021,15:00:00+00
Phelps Luck Elementary School,Howard,9,10/6/2021,15:00:00+00
Pimlico Elementary Middle School,Baltimore City,11,10/6/2021,15:00:00+00
Piney Point Elementary School,St. Mary's,36,10/6/2021,15:00:00+00
Pocomoke Elementary School,Worcester,6,10/6/2021,15:00:00+00
Poolesville Elementary School,Montgomery,4,10/6/2021,15:00:00+00
Pretty Boy Elementary,Baltimore,2,10/6/2021,15:00:00+00
Reservoir High School,Howard,7,10/6/2021,15:00:00+00
Rising Sun Middle School,Cecil,7,10/6/2021,15:00:00+00
Robert Frost Middle School,Montgomery,3,10/6/2021,15:00:00+00
Running Brook Elementary School,Howard,4,10/6/2021,15:00:00+00
Seaside Christian Academy,Worcester,7,10/6/2021,15:00:00+00
Severn Elementary School,Anne Arundel,4,10/6/2021,15:00:00+00
Shady Spring Elementary School,Baltimore,11,10/6/2021,15:00:00+00
Shiloh Middle School,Carroll,2,10/6/2021,15:00:00+00
Shiloh Middle School,Carroll,2,10/6/2021,15:00:00+00
Showell Elementary School,Worcester,18,10/6/2021,15:00:00+00
Snow Hill Middle School,Worcester,24,10/6/2021,15:00:00+00
Solley Elementary School,Anne Arundel,3,10/6/2021,15:00:00+00
Somerset Intermediate School,Somerset,15,10/6/2021,15:00:00+00
South Hampton Middle School,Harford,4,10/6/2021,15:00:00+00
Southern Middle School,Garrett,3,10/6/2021,15:00:00+00
Southern Middle School,Anne Arundel,9,10/6/2021,15:00:00+00
Spring Ridge Middle School,St. Mary's,29,10/6/2021,15:00:00+00
St Margaret Middle School,Harford,4,10/6/2021,15:00:00+00
St. Jerome Academy,Prince George's,20,10/6/2021,15:00:00+00
St. Margaret School,Harford,5,10/6/2021,15:00:00+00
St. Mary's School,Charles,2,10/6/2021,15:00:00+00
St. Michael's Elementary School,Talbot,2,10/6/2021,15:00:00+00
St. Paul's Lutheran School,Baltimore,8,10/6/2021,15:00:00+00
St. Ursula Catholic School,Baltimore,33,10/6/2021,15:00:00+00
Stemmers Run Middle School,Baltimore,4,10/6/2021,15:00:00+00
T.C. Martin Elementary School,Charles,17,10/6/2021,15:00:00+00
Talmudical Academy of Baltimore,Baltimore,36,10/6/2021,15:00:00+00
The Arrow School of Education,Baltimore,3,10/6/2021,15:00:00+00
The Children's Guild School of Prince George's Campus,Prince George's,9,10/6/2021,15:00:00+00
The Historic Cherry Hill Elementary and Middle School,Baltimore City,6,10/6/2021,15:00:00+00
The John Carroll School,Harford,2,10/6/2021,15:00:00+00
Thurmont Middle School,Frederick,20,10/6/2021,15:00:00+00
Tri-State Christian Academy,Cecil,12,10/6/2021,15:00:00+00
Tuscarora Elementary School,Frederick,6,10/6/2021,15:00:00+00
Villa Maria School,Baltimore,4,10/6/2021,15:00:00+00
Walkersville Middle School,Frederick,5,10/6/2021,15:00:00+00
Washington High School,Somerset,13,10/6/2021,15:00:00+00
Wellwood International School,Baltimore,5,10/6/2021,15:00:00+00
West Friendship Elementary School,Howard,3,10/6/2021,15:00:00+00
Western Heights Middle,Washington,23,10/6/2021,15:00:00+00
White Marsh Elementary School,St. Mary's,4,10/6/2021,15:00:00+00
Wilde Lake Middle School,Howard,5,10/6/2021,15:00:00+00
Williamsport High School,Washington,26,10/6/2021,15:00:00+00
Woodbridge Elementary School,Baltimore,2,10/6/2021,15:00:00+00
Worthington Elementary School,Howard,7,10/6/2021,15:00:00+00
Accident Elementary School,Garrett,2,10/13/2021,15:00:00+00
Allegany High School,Allegany,27,10/13/2021,15:00:00+00
Alphabet Education Inc at Mary B Neal Elementary,Charles,2,10/13/2021,15:00:00+00
Annapolis Area Christian School - Lower School Annapolis,Anne Arundel,3,10/13/2021,15:00:00+00
Annapolis Area Christian School - Severn Campus Lower School,Anne Arundel,5,10/13/2021,15:00:00+00
Beach Elementary School,Calvert,3,10/13/2021,15:00:00+00
Bel Air Elementary School,Allegany,3,10/13/2021,15:00:00+00
Benjamin Foulois Creative & Performing Arts Academy,Prince George's,11,10/13/2021,15:00:00+00
Bethesda-Chevy Chase High School,Montgomery,2,10/13/2021,15:00:00+00
Bodkin Elementary School,Anne Arundel,4,10/13/2021,15:00:00+00
Bohemia Manor High School,Cecil,3,10/13/2021,15:00:00+00
Braddock Middle School,Allegany,23,10/13/2021,15:00:00+00
Bridgeway Elementary School,Anne Arundel,2,10/13/2021,15:00:00+00
Brooklyn Park Middle School,Anne Arundel,3,10/13/2021,15:00:00+00
The Bryn Mawr School,Baltimore City,6,10/13/2021,15:00:00+00
Buckingham Elementary School,Worcester,6,10/13/2021,15:00:00+00
Calvert Hall College High School,Baltimore,10,10/13/2021,15:00:00+00
Calvin M. Rodwell Elementary/Middle School,Baltimore City,6,10/13/2021,15:00:00+00
Captain Walter Francis Duke Middle School,St. Mary's,8,10/13/2021,15:00:00+00
Cardinal Shehan School,Baltimore City,6,10/13/2021,15:00:00+00
Career Center for Technical Education,Allegany,29,10/13/2021,15:00:00+00
Carter G.  Woodson Elementary School,Somerset,39,10/13/2021,15:00:00+00
Catoctin High School,Frederick,20,10/13/2021,15:00:00+00
Caver Vocational High School,Baltimore City,5,10/13/2021,15:00:00+00
Chesapeake Bay Middle School,Anne Arundel,15,10/13/2021,15:00:00+00
Chesapeake City Elementary School,Cecil,9,10/13/2021,15:00:00+00
Chesapeake High School,Anne Arundel,40,10/13/2021,15:00:00+00
Clear Springs High School,Washington,6,10/13/2021,15:00:00+00
Clemens Crossing Elementary School,Howard,3,10/13/2021,15:00:00+00
Cockeysville Middle School,Baltimore,2,10/13/2021,15:00:00+00
Columbia Academy Elementary and Middle School,Howard,3,10/13/2021,15:00:00+00
Crisfield High School,Somerset,15,10/13/2021,15:00:00+00
Crofton High School,Anne Arundel,16,10/13/2021,15:00:00+00
Crofton Middle School,Anne Arundel,2,10/13/2021,15:00:00+00
Deerfield Elementary School,Harford,4,10/13/2021,15:00:00+00
Diamond Elementary School,Montgomery,3,10/13/2021,15:00:00+00
Dr. Nathan A. Pitts-Ashburton Elementary/Middle School,Baltimore City,11,10/13/2021,15:00:00+00
Dr. Thomas L. Higdon Elementary School,Charles,4,10/13/2021,15:00:00+00
Dublin Elementary School,Harford,4,10/13/2021,15:00:00+00
Easton Elementary School,Talbot,3,10/13/2021,15:00:00+00
Elmwood Elementary School,Baltimore,4,10/13/2021,15:00:00+00
Emma K. Doub Elementary School,Washington,4,10/13/2021,15:00:00+00
Emmitsburg Elementary School,Frederick,4,10/13/2021,15:00:00+00
Esperanza Middle School,St. Mary's,15,10/13/2021,15:00:00+00
Federalsburg Elementary School,Caroline,8,10/13/2021,15:00:00+00
Forbush School at Hunt Valley (Sheppard Pratt),Baltimore,3,10/13/2021,15:00:00+00
Fort Hill High School,Allegany,33,10/13/2021,15:00:00+00
Francis Scott Key Elementary School,Carroll,16,10/13/2021,15:00:00+00
Frederick High School,Frederick,4,10/13/2021,15:00:00+00
Friends School of Baltimore,Baltimore City,40,10/13/2021,15:00:00+00
Garrison Forest School,Baltimore,2,10/13/2021,15:00:00+00
Gilpin Manor Elementary School,Cecil,2,10/13/2021,15:00:00+00
Good Shepard Catholic School,Cecil,5,10/13/2021,15:00:00+00
Great Mills High School,St. Mary's,44,10/13/2021,15:00:00+00
Greenwood Elementary School,Somerset,13,10/13/2021,15:00:00+00
Halethorpe Elementary School,Baltimore,2,10/13/2021,15:00:00+00
Hancock Middle-Senior High School,Washington,8,10/13/2021,15:00:00+00
Harford Technical High School,Harford,4,10/13/2021,15:00:00+00
Havre de Grace Elementary School,Harford,11,10/13/2021,15:00:00+00
Havre de Grace High School,Harford,2,10/13/2021,15:00:00+00
Hickory Elementary School,Harford,2,10/13/2021,15:00:00+00
Homestead Wakefield Elementary School,Harford,6,10/13/2021,15:00:00+00
Howard High School,Howard,5,10/13/2021,15:00:00+00
James M. Bennett High School,Wicomico,4,10/13/2021,15:00:00+00
John Archer School,Harford,2,10/13/2021,15:00:00+00
Joppatowne Elementary School,Harford,4,10/13/2021,15:00:00+00
Kent Island High School,Queen Anne's,9,10/13/2021,15:00:00+00
La Plata High School,Charles,4,10/13/2021,15:00:00+00
Leonardtown High School,St. Mary's,71,10/13/2021,15:00:00+00
Leonardtown Middle School,St. Mary's,22,10/13/2021,15:00:00+00
Lexington Park Elementary School,St. Mary's,2,10/13/2021,15:00:00+00
Logan Elementary School,Baltimore,3,10/13/2021,15:00:00+00
Lothian Elementary,Anne Arundel,3,10/13/2021,15:00:00+00
Lutherville Laboratory,Baltimore,3,10/13/2021,15:00:00+00
Margaret Brent Middle School,St. Mary's,83,10/13/2021,15:00:00+00
Mattawoman Middle School,Charles,5,10/13/2021,15:00:00+00
McDonogh School,Baltimore,4,10/13/2021,15:00:00+00
Mechanicsville Elementary School,Carroll,3,10/13/2021,15:00:00+00
Middletown High School,Frederick,7,10/13/2021,15:00:00+00
Monarch Global Academy,Anne Arundel,13,10/13/2021,15:00:00+00
Monocacy Valley Montessori Public Charter School,Frederick,2,10/13/2021,15:00:00+00
Mother Mary Lange Catholic School,Baltimore City,3,10/13/2021,15:00:00+00
Mount Airy Middle School,Carroll,2,10/13/2021,15:00:00+00
Mount View Middle School,Howard,5,10/13/2021,15:00:00+00
Mountain Ridge High School,Allegany,24,10/13/2021,15:00:00+00
North Bend Elementary School,Harford,2,10/13/2021,15:00:00+00
North Caroline High School,Caroline,7,10/13/2021,15:00:00+00
North Dorchester High School,Dorchester,21,10/13/2021,15:00:00+00
North Dorchester Middle School,Dorchester,22,10/13/2021,15:00:00+00
North East Elementary School,Cecil,2,10/13/2021,15:00:00+00
Northeast Middle School,Cecil,30,10/13/2021,15:00:00+00
North Hagerstown High School,Washington,4,10/13/2021,15:00:00+00
Northeast High School,Anne Arundel,30,10/13/2021,15:00:00+00
Northeast Middle School,Anne Arundel,19,10/13/2021,15:00:00+00
Northern Middle School,Washington,20,10/13/2021,15:00:00+00
Northwest Middle School,Carroll,29,10/13/2021,15:00:00+00
Oakleigh Elementary School,Baltimore,2,10/13/2021,15:00:00+00
Oakville Elementary School,St. Mary's,7,10/13/2021,15:00:00+00
Oakwood Elementary School,Anne Arundel,5,10/13/2021,15:00:00+00
Old Mill Middle School - North,Anne Arundel,14,10/13/2021,15:00:00+00
Old Mill Middle School - South,Anne Arundel,20,10/13/2021,15:00:00+00
Orchard Grove Elementary School,Frederick,15,10/13/2021,15:00:00+00
Parkside High School,Wicomico,32,10/13/2021,15:00:00+00
Patuxent Appeal Elementary School,Calvert,2,10/13/2021,15:00:00+00
Perry Hall Christian School,Baltimore,6,10/13/2021,15:00:00+00
Perryville High School,Cecil,18,10/13/2021,15:00:00+00
Phelps Luck Elementary School,Howard,9,10/13/2021,15:00:00+00
Pimlico Elementary Middle School,Baltimore City,12,10/13/2021,15:00:00+00
Piney Point Elementary School,St. Mary's,39,10/13/2021,15:00:00+00
Pocomoke Elementary School,Worcester,7,10/13/2021,15:00:00+00
Pocomoke High School,Worcester,6,10/13/2021,15:00:00+00
Point Pleasant Elementary School,Anne Arundel,3,10/13/2021,15:00:00+00
Poolesville Elementary School,Montgomery,4,10/13/2021,15:00:00+00
Pretty Boy Elementary,Baltimore,2,10/13/2021,15:00:00+00
Reservoir High School,Howard,7,10/13/2021,15:00:00+00
Ridge Elementary School,St. Mary's,3,10/13/2021,15:00:00+00
Rising Sun Middle School,Cecil,7,10/13/2021,15:00:00+00
Running Brook Elementary School,Howard,4,10/13/2021,15:00:00+00
Seaside Christian Academy,Worcester,10,10/13/2021,15:00:00+00
Shiloh Middle School,Carroll,2,10/13/2021,15:00:00+00
Shiloh Middle School,Carroll,2,10/13/2021,15:00:00+00
Showell Elementary School,Worcester,19,10/13/2021,15:00:00+00
Snow Hill Middle School,Worcester,24,10/13/2021,15:00:00+00
Somerset Intermediate School,Somerset,26,10/13/2021,15:00:00+00
South River High School,Anne Arundel,2,10/13/2021,15:00:00+00
Spring Ridge Middle School,St. Mary's,42,10/13/2021,15:00:00+00
St. Charles High School,Charles,4,10/13/2021,15:00:00+00
St. Jerome Academy,Prince George's,20,10/13/2021,15:00:00+00
St. John the Evangelist Catholic School,Baltimore,7,10/13/2021,15:00:00+00
St. Louis School,Howard,3,10/13/2021,15:00:00+00
St. Mary's School,Charles,2,10/13/2021,15:00:00+00
St. Michael's Elementary School,Talbot,2,10/13/2021,15:00:00+00
St. Michael's Elementary School,St. Mary's,2,10/13/2021,15:00:00+00
St. Ursula Catholic School,Baltimore,36,10/13/2021,15:00:00+00
Stephen Decatur High School,Wicomico,4,10/13/2021,15:00:00+00
Sudersville Middle School,Queen Anne's,6,10/13/2021,15:00:00+00
Sugarloaf Elementary School,Frederick,3,10/13/2021,15:00:00+00
T.C. Martin Elementary School,Charles,17,10/13/2021,15:00:00+00
Talbott Springs Elementary School,Howard,4,10/13/2021,15:00:00+00
Talmudical Academy of Baltimore,Baltimore,37,10/13/2021,15:00:00+00
The Arrow School of Education,Baltimore,3,10/13/2021,15:00:00+00
The Children's Guild School of Prince George's Campus,Prince George's,9,10/13/2021,15:00:00+00
The Historic Cherry Hill Elementary and Middle School,Baltimore City,6,10/13/2021,15:00:00+00
The John Carroll School,Harford,2,10/13/2021,15:00:00+00
Thomson Estates Elementary School,Cecil,1,10/13/2021,15:00:00+00
Tuscarora Elementary School,Frederick,6,10/13/2021,15:00:00+00
Villa Maria School,Baltimore,6,10/13/2021,15:00:00+00
Walkersville Middle School,Frederick,7,10/13/2021,15:00:00+00
Washington High School,Somerset,17,10/13/2021,15:00:00+00
Wellwood International School,Baltimore,5,10/13/2021,15:00:00+00
West Friendship Elementary School,Howard,3,10/13/2021,15:00:00+00
West Side Elementary School,Allegany,2,10/13/2021,15:00:00+00
Western Heights Middle,Washington,24,10/13/2021,15:00:00+00
White Marsh Elementary School,St. Mary's,4,10/13/2021,15:00:00+00
William Winchester Elementary School,Carroll,2,10/13/2021,15:00:00+00
Williamsport High School,Washington,31,10/13/2021,15:00:00+00
Windsor Farm Elementary School,Anne Arundel,2,10/13/2021,15:00:00+00
Woodbridge Elementary School,Baltimore,2,10/13/2021,15:00:00+00
Woodside Elementary School,Anne Arundel,2,10/13/2021,15:00:00+00
Yough Glades Elementary School,Garrett,5,10/13/2021,15:00:00+00
Allegany High School,Allegany,29,10/20/2021,15:00:00+00
Alphabet Education Inc at Mary B Neal Elementary,Charles,2,10/20/2021,15:00:00+00
Annapolis Area Christian School - Lower School Annapolis,Anne Arundel,3,10/20/2021,15:00:00+00
Annapolis Area Christian School - Lower School Severn,Anne Arundel,5,10/20/2021,15:00:00+00
Arbutus Middle School,Baltimore,3,10/20/2021,15:00:00+00
Arundel High School,Anne Arundel,2,10/20/2021,15:00:00+00
Baltimore International Academy - East,Baltimore City,12,10/20/2021,15:00:00+00
Barstow Elementary School,Calvert,2,10/20/2021,15:00:00+00
Bel Air Elementary School,Allegany,3,10/20/2021,15:00:00+00
Benjamin Foulois Creative & Performing Arts Academy,Prince George's,11,10/20/2021,15:00:00+00
Bodkin Elementary School,Anne Arundel,4,10/20/2021,15:00:00+00
Braddock Middle School,Allegany,24,10/20/2021,15:00:00+00
Brunswick Elementary School,Frederick,4,10/20/2021,15:00:00+00
Buckingham Elementary School,Worcester,11,10/20/2021,15:00:00+00
Captain Walter Francis Duke Middle School,St. Mary's,14,10/20/2021,15:00:00+00
Cardinal Shehan School,Baltimore City,6,10/20/2021,15:00:00+00
Career Center for Technical Education,Allegany,30,10/20/2021,15:00:00+00
Carter G.  Woodson Elementary School,Somerset,42,10/20/2021,15:00:00+00
Cash Valley Elementary School,Allegany,2,10/20/2021,15:00:00+00
Catoctin High School,Frederick,26,10/20/2021,15:00:00+00
Chesapeake Bay Middle School,Anne Arundel,15,10/20/2021,15:00:00+00
Chesapeake High School,Anne Arundel,40,10/20/2021,15:00:00+00
Columbia Academy Elementary and Middle School,Howard,3,10/20/2021,15:00:00+00
Crisfield High School,Somerset,22,10/20/2021,15:00:00+00
Crofton High School,Anne Arundel,16,10/20/2021,15:00:00+00
Deerfield Elementary School,Harford,4,10/20/2021,15:00:00+00
Diamond Elementary School,Montgomery,3,10/20/2021,15:00:00+00
Dowell Elementary School,Calvert,3,10/20/2021,15:00:00+00
Dr. Nathan A. Pitts-Ashburton Elementary/Middle School,Baltimore City,11,10/20/2021,15:00:00+00
Dr. Thomas L. Higdon Elementary School,Charles,4,10/20/2021,15:00:00+00
Dublin Elementary School,Harford,4,10/20/2021,15:00:00+00
Easton Elementary School,Talbot,3,10/20/2021,15:00:00+00
Edgemere Elementary School,Baltimore,2,10/20/2021,15:00:00+00
Esperanza Middle School,St. Mary's,33,10/20/2021,15:00:00+00
Fallston High School,Harford,2,10/20/2021,15:00:00+00
"Father Andrew White, S.J. School",St. Mary's,3,10/20/2021,15:00:00+00
Fort Hill High School,Allegany,38,10/20/2021,15:00:00+00
Frank Hebron Harman Elementary,Anne Arundel,3,10/20/2021,15:00:00+00
Franklin Square Elementary School,Baltimore City,5,10/20/2021,15:00:00+00
Friends School of Baltimore,Baltimore City,41,10/20/2021,15:00:00+00
Garnet Elementary School,Kent,2,10/20/2021,15:00:00+00
Gilpin Manor Elementary School,Cecil,2,10/20/2021,15:00:00+00
Great Mills High School,St. Mary's,55,10/20/2021,15:00:00+00
Greenwood Elementary School,Somerset,15,10/20/2021,15:00:00+00
Hancock Middle-Senior High School,Washington,8,10/20/2021,15:00:00+00
Havre de Grace Elementary School,Harford,11,10/20/2021,15:00:00+00
Hickory Elementary School,Harford,4,10/20/2021,15:00:00+00
Hollywood Elementary School,St. Mary's,6,10/20/2021,15:00:00+00
Homestead Wakefield Elementary School,Harford,6,10/20/2021,15:00:00+00
Honeygo Elementary School,Baltimore,2,10/20/2021,15:00:00+00
Indian Creek School,Anne Arundel,4,10/20/2021,15:00:00+00
Joppatowne Elementary School,Harford,4,10/20/2021,15:00:00+00
Kenwood High School,Baltimore,3,10/20/2021,15:00:00+00
Kings Christian Academy,St. Mary's,3,10/20/2021,15:00:00+00
La Plata High School,Charles,8,10/20/2021,15:00:00+00
Leonardtown High School,St. Mary's,72,10/20/2021,15:00:00+00
Leonardtown Middle School,St. Mary's,22,10/20/2021,15:00:00+00
Lexington Park Elementary School,St. Mary's,2,10/20/2021,15:00:00+00
Logan Elementary School,Baltimore,3,10/20/2021,15:00:00+00
Margaret Brent Middle School,St. Mary's,89,10/20/2021,15:00:00+00
Mattawoman Middle School,Charles,5,10/20/2021,15:00:00+00
McDonogh School,Baltimore,4,10/20/2021,15:00:00+00
Middletown High School,Frederick,8,10/20/2021,15:00:00+00
Mill Creek Middle School,Calvert,3,10/20/2021,15:00:00+00
Monarch Global Academy,Anne Arundel,13,10/20/2021,15:00:00+00
Mother Mary Lange Catholic School,Baltimore City,3,10/20/2021,15:00:00+00
Mount Airy Middle School,Carroll,2,10/20/2021,15:00:00+00
Mountain Ridge High School,Allegany,28,10/20/2021,15:00:00+00
North Bend Elementary School,Harford,2,10/20/2021,15:00:00+00
North Caroline High School,Caroline,7,10/20/2021,15:00:00+00
North Dorchester High School,Dorchester,21,10/20/2021,15:00:00+00
North Dorchester Middle School,Dorchester,24,10/20/2021,15:00:00+00
North East Elementary School,Cecil,2,10/20/2021,15:00:00+00
Northeast Middle School,Cecil,34,10/20/2021,15:00:00+00
North Hagerstown High School,Washington,9,10/20/2021,15:00:00+00
Northeast High School,Anne Arundel,30,10/20/2021,15:00:00+00
Northeast Middle School,Anne Arundel,20,10/20/2021,15:00:00+00
Northern Middle School,Washington,23,10/20/2021,15:00:00+00
Northwest Middle School,Carroll,29,10/20/2021,15:00:00+00
Oakland Mills Middle School,Howard,2,10/20/2021,15:00:00+00
Oakville Elementary School,St. Mary's,16,10/20/2021,15:00:00+00
Odenton Elementary School,Anne Arundel,2,10/20/2021,15:00:00+00
Orchard Grove Elementary School,Frederick,17,10/20/2021,15:00:00+00
Parkside High School,Wicomico,33,10/20/2021,15:00:00+00
Parkville Middle School,Baltimore,3,10/20/2021,15:00:00+00
Patuxent Appeal Elementary School,Calvert,3,10/20/2021,15:00:00+00
Perryville High School,Cecil,22,10/20/2021,15:00:00+00
Perryville Middle School,Cecil,7,10/20/2021,15:00:00+00
Pimlico Elementary Middle School,Baltimore City,12,10/20/2021,15:00:00+00
Piney Point Elementary School,St. Mary's,42,10/20/2021,15:00:00+00
Pocomoke High School,Worcester,6,10/20/2021,15:00:00+00
Poolesville Elementary School,Montgomery,4,10/20/2021,15:00:00+00
Ridge Elementary School,St. Mary's,3,10/20/2021,15:00:00+00
Route 40 Elementary School,Garrett,3,10/20/2021,15:00:00+00
Seaside Christian Academy,Worcester,10,10/20/2021,15:00:00+00
Shady Spring Elementary School,Baltimore,11,10/20/2021,15:00:00+00
Shiloh Middle School,Carroll,2,10/20/2021,15:00:00+00
Shiloh Middle School,Carroll,2,10/20/2021,15:00:00+00
Showell Elementary School,Worcester,21,10/20/2021,15:00:00+00
Silver Oak Academy,Carroll,6,10/20/2021,15:00:00+00
Snow Hill Middle School,Worcester,25,10/20/2021,15:00:00+00
Somerset Intermediate School,Somerset,29,10/20/2021,15:00:00+00
South River High School,Anne Arundel,2,10/20/2021,15:00:00+00
South-Dorchester K-8,Dorchester,3,10/20/2021,15:00:00+00
Southern High School,Anne Arundel,3,10/20/2021,15:00:00+00
Southern Middle School,Anne Arundel,16,10/20/2021,15:00:00+00
Sparrows Point Middle School,Baltimore,2,10/20/2021,15:00:00+00
Spring Ridge Middle School,St. Mary's,49,10/20/2021,15:00:00+00
St. Charles High School,Charles,22,10/20/2021,15:00:00+00
St. Jerome Academy,Prince George's,20,10/20/2021,15:00:00+00
St. John the Evangelist Catholic School,Baltimore,7,10/20/2021,15:00:00+00
St. Louis School,Howard,3,10/20/2021,15:00:00+00
St. Mary's School,Charles,2,10/20/2021,15:00:00+00
St. Michael's Elementary School,Talbot,2,10/20/2021,15:00:00+00
St. Michael's Elementary School,St. Mary's,2,10/20/2021,15:00:00+00
St. Ursula Catholic School,Baltimore,39,10/20/2021,15:00:00+00
Stephen Decatur High School,Worcester,4,10/20/2021,15:00:00+00
Sudersville Middle School,Queen Anne's,9,10/20/2021,15:00:00+00
Summit Park Elementary,Baltimore,7,10/20/2021,15:00:00+00
Sussex Elementary School,Baltimore,2,10/20/2021,15:00:00+00
Talbott Springs Elementary School,Howard,4,10/20/2021,15:00:00+00
The Children's Guild School of Prince George's Campus,Prince George's,12,10/20/2021,15:00:00+00
Thomson Estates Elementary School,Cecil,4,10/20/2021,15:00:00+00
Town Creek Elementary School,St. Mary's,2,10/20/2021,15:00:00+00
Villa Cresta Elementary School,Baltimore,2,10/20/2021,15:00:00+00
Villa Maria School,Baltimore,8,10/20/2021,15:00:00+00
Walkersville Middle School,Frederick,14,10/20/2021,15:00:00+00
Washington High School,Somerset,18,10/20/2021,15:00:00+00
West Side Elementary School,Allegany,2,10/20/2021,15:00:00+00
Western Heights Middle,Washington,27,10/20/2021,15:00:00+00
White Marsh Elementary School,St. Mary's,7,10/20/2021,15:00:00+00
Wiley H. Bates Middle School,Anne Arundel,2,10/20/2021,15:00:00+00
Williamsport High School,Washington,32,10/20/2021,15:00:00+00
Winand Elementary School,Baltimore,4,10/20/2021,15:00:00+00
Windsor Farm Elementary School,Anne Arundel,2,10/20/2021,15:00:00+00
Woodbridge Elementary School,Baltimore,4,10/20/2021,15:00:00+00
Yough Glades Elementary School,Garrett,5,10/20/2021,15:00:00+00
Allegany High School,Allegany,34,10/27/2021,15:00:00+00
Alphabet Education Inc at Mary B Neal Elementary,Charles,2,10/27/2021,15:00:00+00
Arbutus Middle School,Baltimore,3,10/27/2021,15:00:00+00
Baltimore International Academy - East,Baltimore City,12,10/27/2021,15:00:00+00
Barstow Elementary School,Calvert,2,10/27/2021,15:00:00+00
Bel Air Elementary,Allegany,3,10/27/2021,15:00:00+00
Braddock Middle School,Allegany,30,10/27/2021,15:00:00+00
Brunswick Elementary School,Frederick,4,10/27/2021,15:00:00+00
Buckingham Elementary School,Worcester,13,10/27/2021,15:00:00+00
Calvert Hall College High School,Baltimore,14,10/27/2021,15:00:00+00
Captain Walter Francis Duke Middle School,St. Mary's,23,10/27/2021,15:00:00+00
Cardinal Shehan School,Baltimore City,6,10/27/2021,15:00:00+00
Carter G Woodson Elementary,Somerset,42,10/27/2021,15:00:00+00
Catoctin High School,Frederick,25,10/27/2021,15:00:00+00
Century High School,Carroll,2,10/27/2021,15:00:00+00
Chapel Hill Elementary School,Baltimore,2,10/27/2021,15:00:00+00
Chesapeake High School,Anne Arundel,44,10/27/2021,15:00:00+00
Columbia Academy Elementary and Middle School,Howard,3,10/27/2021,15:00:00+00
Crisfield High School,Somerset,28,10/27/2021,15:00:00+00
Crofton High School,Anne Arundel,16,10/27/2021,15:00:00+00
Crofton Meadows Elementary School,Anne Arundel,2,10/27/2021,15:00:00+00
Deerfield Elementary School,Harford,5,10/27/2021,15:00:00+00
Dowell Elementary School,Calvert,6,10/27/2021,15:00:00+00
Easton Elementary School,Talbot,3,10/27/2021,15:00:00+00
Edmondson Heights Elementary School,Baltimore,5,10/27/2021,15:00:00+00
Esperanza Middle School,St. Mary's,38,10/27/2021,15:00:00+00
Fallston High School,Harford,2,10/27/2021,15:00:00+00
"Father Andrew White, S.J. School",St. Mary's,3,10/27/2021,15:00:00+00
Fort Hill High School,Allegany,40,10/27/2021,15:00:00+00
Fort Smallwood Elementary School,Anne Arundel,2,10/27/2021,15:00:00+00
Frank Hebron Harman Elementary School,Anne Arundel,3,10/27/2021,15:00:00+00
Franklin Elementary School,Baltimore,5,10/27/2021,15:00:00+00
Franklin Middle School,Baltimore,3,10/27/2021,15:00:00+00
Friends School,Baltimore City,41,10/27/2021,15:00:00+00
Fullerton Elementary School,Baltimore,2,10/27/2021,15:00:00+00
Fulton Eleentary,Howard,2,10/27/2021,15:00:00+00
George Creek Elementary School,Allegany,2,10/27/2021,15:00:00+00
Great Mills High School,St. Mary's,55,10/27/2021,15:00:00+00
Greenwood Elementary School,Somerset,15,10/27/2021,15:00:00+00
Harper's Choice Middle School,Howard,3,10/27/2021,15:00:00+00
Havre de Grace Elementary School,Harford,18,10/27/2021,15:00:00+00
Hickory Elementary School,Harford,7,10/27/2021,15:00:00+00
Hollywood Elementary School,St. Mary's,6,10/27/2021,15:00:00+00
Indian Creek School,Anne Arundel,4,10/27/2021,15:00:00+00
Joppatowne Elementary School,Harford,4,10/27/2021,15:00:00+00
Kings Christian Academy,St. Mary's,3,10/27/2021,15:00:00+00
Leonardtown High School,St. Mary's,78,10/27/2021,15:00:00+00
Leonardtown Middle School,St. Mary's,51,10/27/2021,15:00:00+00
Lettie Marshall Dent Elementary School,St. Mary's,35,10/27/2021,15:00:00+00
Lutherville Laboratory,Baltimore,5,10/27/2021,15:00:00+00
MacArthur Middle School,Anne Arundel,6,10/27/2021,15:00:00+00
Magothy River Middle School,Anne Arundel,6,10/27/2021,15:00:00+00
Manchester Valley High School,Carroll,4,10/27/2021,15:00:00+00
Margaret Brent Middle School,St. Mary's,92,10/27/2021,15:00:00+00
McDonogh School,Baltimore,8,10/27/2021,15:00:00+00
Meade Senior High School,Anne Arundel,2,10/27/2021,15:00:00+00
Mill Creek Middle School,Calvert,11,10/27/2021,15:00:00+00
Monarch Global Academy PCS Laurel Campus,Anne Arundel,36,10/27/2021,15:00:00+00
Mother Mary Lange Catholic School,Baltimore City,3,10/27/2021,15:00:00+00
Mount Airy Middle School,Carroll,2,10/27/2021,15:00:00+00
Mount Savage School,Allegany,4,10/27/2021,15:00:00+00
Mountain Ridge High School,Allegany,32,10/27/2021,15:00:00+00
Mt. Airy Middle School,Carroll,2,10/27/2021,15:00:00+00
North Dorchester High School,Dorchester,22,10/27/2021,15:00:00+00
North Dorchester Middle School,Dorchester,26,10/27/2021,15:00:00+00
North East Middle School,Cecil,34,10/27/2021,15:00:00+00
North Hagerstown High School,Washington,11,10/27/2021,15:00:00+00
North Harford Elementary School,Harford,2,10/27/2021,15:00:00+00
Northeast High School,Anne Arundel,32,10/27/2021,15:00:00+00
Northern Middle School,Washington,25,10/27/2021,15:00:00+00
Oakdale Middle School,Frederick,6,10/27/2021,15:00:00+00
Oakland Mills Middle School,Howard,2,10/27/2021,15:00:00+00
Oakville Elementary School,St. Mary's,17,10/27/2021,15:00:00+00
Odenton Elementary School,Anne Arundel,2,10/27/2021,15:00:00+00
Old Mill Middle School - North,Anne Arundel,17,10/27/2021,15:00:00+00
Orchard Groves Elementary School,Frederick,17,10/27/2021,15:00:00+00
Owings Mills Elementary School,Baltimore,3,10/27/2021,15:00:00+00
Parkville Middle,Baltimore,3,10/27/2021,15:00:00+00
Perryville High School,Cecil,22,10/27/2021,15:00:00+00
Perryville Middle School,Cecil,7,10/27/2021,15:00:00+00
Piney Point Elementary School,St. Mary's,40,10/27/2021,15:00:00+00
Pocomoke Elementary School,Worcester,9,10/27/2021,15:00:00+00
Richard Henry Lee Elementary School,Anne Arundel,2,10/27/2021,15:00:00+00
Ridge Elementary,St. Mary's,4,10/27/2021,15:00:00+00
Route 40 Elementary School,Garrett,3,10/27/2021,15:00:00+00
Running Brook Elementary School,Howard,4,10/27/2021,15:00:00+00
Saint Elizabeth School,Baltimore City,3,10/27/2021,15:00:00+00
Salisbury Baptist Academy,Wicomico,10,10/27/2021,15:00:00+00
Shiloh Middle School,Carroll,2,10/27/2021,15:00:00+00
Shiloh Middle School,Carroll,2,10/27/2021,15:00:00+00
Showell Elementary School,Worcester,24,10/27/2021,15:00:00+00
Silver Oak Academy,Carroll,7,10/27/2021,15:00:00+00
Snow Hill Middle School,Worcester,26,10/27/2021,15:00:00+00
Somerset Intermediate School,Somerset,29,10/27/2021,15:00:00+00
South-Dorchester K-8,Dorchester,4,10/27/2021,15:00:00+00
Southern Middle School,Anne Arundel,24,10/27/2021,15:00:00+00
Spring Garden Elementary School,Carroll,2,10/27/2021,15:00:00+00
Spring Ridge Middle School,St. Mary's,57,10/27/2021,15:00:00+00
St. Charles High School,Charles,22,10/27/2021,15:00:00+00
St. Columba School,Prince George's,3,10/27/2021,15:00:00+00
St. John the Evangelist School,Anne Arundel,2,10/27/2021,15:00:00+00
St. Joseph School,Baltimore,5,10/27/2021,15:00:00+00
St. Mary's School,Charles,4,10/27/2021,15:00:00+00
St. Michael's Elementary School,Talbot,2,10/27/2021,15:00:00+00
St. Paul's School,Baltimore,7,10/27/2021,15:00:00+00
St. Ursula Catholic School,Baltimore,39,10/27/2021,15:00:00+00
Stephen Decatur High School,Worcester,7,10/27/2021,15:00:00+00
Stephen Decatur Middle School,Worcester,11,10/27/2021,15:00:00+00
Stone Ridge School of the Sacred Heart,Montgomery,2,10/27/2021,15:00:00+00
Sudersville Middle School,Queen Anne's,9,10/27/2021,15:00:00+00
Summit Park Elementary,Baltimore,8,10/27/2021,15:00:00+00
The Belair-Edison School,Baltimore City,7,10/27/2021,15:00:00+00
The Mount Royal School,Baltimore City,3,10/27/2021,15:00:00+00
Thomson Estates Elementary School,Cecil,4,10/27/2021,15:00:00+00
Washington High School,Somerset,21,10/27/2021,15:00:00+00
Waters Landing Elementary School,Montgomery,3,10/27/2021,15:00:00+00
West Side Elementary School,Allegany,2,10/27/2021,15:00:00+00
Western Heights Middle School,Washington,32,10/27/2021,15:00:00+00
White Marsh Elementary School,St. Mary's,7,10/27/2021,15:00:00+00
Williamsport High School,Washington,38,10/27/2021,15:00:00+00
Allegany High School,Allegany,35,11/3/2021,15:00:00+00
Alphabet Education Inc at Mary B Neal Elementary,Charles,2,11/3/2021,15:00:00+00
Annapolis Middle School,Anne Arundel,2,11/3/2021,15:00:00+00
Arundel High School,Anne Arundel,6,11/3/2021,15:00:00+00
Arundel Middle School,Anne Arundel,2,11/3/2021,15:00:00+00
Barnaby Manor Elementary School,Prince George's,2,11/3/2021,15:00:00+00
Barstow Elementary School,Calvert,2,11/3/2021,15:00:00+00
Bethel Christian Academy,Howard,2,11/3/2021,15:00:00+00
Bladensburg High School,Prince George's,4,11/3/2021,15:00:00+00
Braddock Middle School,Allegany,30,11/3/2021,15:00:00+00
Broadneck High School,Anne Arundel,5,11/3/2021,15:00:00+00
Brock Bridge Elementary School,Anne Arundel,2,11/3/2021,15:00:00+00
Buckingham Elementary School,Worcester,15,11/3/2021,15:00:00+00
Captain Walter Francis Duke Middle School,St. Mary's,23,11/3/2021,15:00:00+00
Carter G Woodson Elementary School,Somerset,42,11/3/2021,15:00:00+00
Catoctin High School,Frederick,25,11/3/2021,15:00:00+00
Central Middle School,Anne Arundel,2,11/3/2021,15:00:00+00
Century High School,Carroll,5,11/3/2021,15:00:00+00
Chapel Hill Elementary School,Baltimore,2,11/3/2021,15:00:00+00
Cherry Hill Middle School,Cecil,10,11/3/2021,15:00:00+00
Chesapeake High School,Anne Arundel,47,11/3/2021,15:00:00+00
Cranberry Station Elementary School,Carroll,2,11/3/2021,15:00:00+00
Crisfield High School,Somerset,31,11/3/2021,15:00:00+00
Crofton Elementary School,Anne Arundel,2,11/3/2021,15:00:00+00
Crofton Meadows Elementary School,Anne Arundel,5,11/3/2021,15:00:00+00
Deerfield Elementary School,Harford,5,11/3/2021,15:00:00+00
Dynard Elementary School,St. Mary's,19,11/3/2021,15:00:00+00
Easton Elementary School,Talbot,3,11/3/2021,15:00:00+00
Elmer A. Wolfe Elementary School,Carroll,2,11/3/2021,15:00:00+00
Esperanza Middle School,St. Mary's,38,11/3/2021,15:00:00+00
Fallston High School,Harford,2,11/3/2021,15:00:00+00
Fort Hill High School,Allegany,42,11/3/2021,15:00:00+00
Friendship Valley Elementary School,Carroll,3,11/3/2021,15:00:00+00
George Creek Elementary School,Allegany,2,11/3/2021,15:00:00+00
Glenelg High School,Howard,2,11/3/2021,15:00:00+00
Gorman Crossing Elementary School,Howard,4,11/3/2021,15:00:00+00
Great Mills High School,St. Mary's,64,11/3/2021,15:00:00+00
Greenwood Elementary School,Somerset,17,11/3/2021,15:00:00+00
Harper's Choice Middle School,Howard,10,11/3/2021,15:00:00+00
Havre de Grace Elementary School,Harford,27,11/3/2021,15:00:00+00
Heather Hills Elementary School,Prince George's,3,11/3/2021,15:00:00+00
Hebron-Harman Elementary School,Anne Arundel,9,11/3/2021,15:00:00+00
Hereford Middle School,Baltimore,2,11/3/2021,15:00:00+00
Hickory Elementary School,Harford,7,11/3/2021,15:00:00+00
Highland Park Elementary School,Prince George's,2,11/3/2021,15:00:00+00
J. Frank Dent Elementary School,Prince George's,2,11/3/2021,15:00:00+00
Jacksonville Elementary School,Baltimore,4,11/3/2021,15:00:00+00
Jacobsville Elementary School,Anne Arundel,2,11/3/2021,15:00:00+00
John Archer School,Harford,2,11/3/2021,15:00:00+00
Joppatowne Elementary Scgiik,Harford,4,11/3/2021,15:00:00+00
Kent Island High School,Queen Anne's,10,11/3/2021,15:00:00+00
Kingsville Elementary School,Baltimore,5,11/3/2021,15:00:00+00
Laurel High School,Prince George's,2,11/3/2021,15:00:00+00
Leonardtown High School,St. Mary's,80,11/3/2021,15:00:00+00
Leonardtown Middle School,St. Mary's,51,11/3/2021,15:00:00+00
Lindale Middle School,Anne Arundel,4,11/3/2021,15:00:00+00
Lutherville Laboratory,Baltimore,6,11/3/2021,15:00:00+00
MacArthur Middle School,Anne Arundel,6,11/3/2021,15:00:00+00
Magothy River Middle School,Anne Arundel,9,11/3/2021,15:00:00+00
Manchester Valley High School,Carroll,6,11/3/2021,15:00:00+00
Margaret Brent Middle School,St. Mary's,99,11/3/2021,15:00:00+00
McDonogh School,Baltimore,8,11/3/2021,15:00:00+00
Middleborough Elementary School,Baltimore,2,11/3/2021,15:00:00+00
Mill Creek Middle School,Calvert,11,11/3/2021,15:00:00+00
Monarch Global Academy PCS Laurel Campus,Anne Arundel,37,11/3/2021,15:00:00+00
Mother Mary Lange Catholic School,Baltimore City,3,11/3/2021,15:00:00+00
Mount Airy Middle School,Carroll,2,11/3/2021,15:00:00+00
Mount Savage School,Allegany,4,11/3/2021,15:00:00+00
Mount View Middle School,Howard,10,11/3/2021,15:00:00+00
Mountain Ridge High School,Allegany,33,11/3/2021,15:00:00+00
Mt. Airy Middle School,Carroll,2,11/3/2021,15:00:00+00
North Dorchester Middle School,Dorchester,29,11/3/2021,15:00:00+00
North East Elementary School,Cecil,5,11/3/2021,15:00:00+00
North East Middle School,Cecil,38,11/3/2021,15:00:00+00
North Frederick Elementary School,Frederick,2,11/3/2021,15:00:00+00
North Harford Elementary School,Harford,2,11/3/2021,15:00:00+00
Northeast High School,Anne Arundel,33,11/3/2021,15:00:00+00
Northern Middle School,Washington,27,11/3/2021,15:00:00+00
Northwest Middle School,Carroll,38,11/3/2021,15:00:00+00
Oakdale Middle School,Frederick,8,11/3/2021,15:00:00+00
Ohr Chadash Academy,Baltimore City,2,11/3/2021,15:00:00+00
Oklahoma Road Middle School,Carroll,2,11/3/2021,15:00:00+00
Old Forge Elementary School,Washington,3,11/3/2021,15:00:00+00
Orchard Groves Elementary School,Frederick,18,11/3/2021,15:00:00+00
Orem Elementary School,Baltimore,2,11/3/2021,15:00:00+00
Our Lady of Lourdes Catholic School,Montgomery,9,11/3/2021,15:00:00+00
Overlook Elementary,Anne Arundel,2,11/3/2021,15:00:00+00
Owings Mills Elementary School,Baltimore,3,11/3/2021,15:00:00+00
Perryville High School,Cecil,22,11/3/2021,15:00:00+00
Perryville Middle School,Cecil,8,11/3/2021,15:00:00+00
Piney Point Elementary School,St. Mary's,40,11/3/2021,15:00:00+00
Potomac Landing Elementary School,Prince George's,2,11/3/2021,15:00:00+00
Richard Henry Lee Elementary School,Anne Arundel,2,11/3/2021,15:00:00+00
Ridge Elementary School,St. Mary's,4,11/3/2021,15:00:00+00
Riverview Elementary School,Baltimore,2,11/3/2021,15:00:00+00
Route 40 Elementary School,Garrett,3,11/3/2021,15:00:00+00
Roye Williams Elementary School,Harford,2,11/3/2021,15:00:00+00
Running Brook Elementary School,Howard,4,11/3/2021,15:00:00+00
Saint Bernadette School,Montgomery,3,11/3/2021,15:00:00+00
Saint Elizabeth School,Baltimore City,3,11/3/2021,15:00:00+00
Salisbury Baptist Academy,Wicomico,11,11/3/2021,15:00:00+00
Sandymount Elementary School,Carroll,4,11/3/2021,15:00:00+00
Severn Elementary School,Anne Arundel,6,11/3/2021,15:00:00+00
Shiloh Middle School,Carroll,5,11/3/2021,15:00:00+00
Showell Elementary School,Worcester,25,11/3/2021,15:00:00+00
Silver Oak Academy,Carroll,7,11/3/2021,15:00:00+00
Snow Hill Middle School,Worcester,28,11/3/2021,15:00:00+00
Somerset Intermediate School,Somerset,29,11/3/2021,15:00:00+00
South-Dorchester K-8,Dorchester,4,11/3/2021,15:00:00+00
Southern Middle School,Anne Arundel,25,11/3/2021,15:00:00+00
Spring Garden Elementary School,Carroll,2,11/3/2021,15:00:00+00
Spring Ridge Middle School,St. Mary's,58,11/3/2021,15:00:00+00
St. Charles High School,Charles,22,11/3/2021,15:00:00+00
St. Columba School,Prince George's,3,11/3/2021,15:00:00+00
St. Joseph School - Fullerton,Baltimore,5,11/3/2021,15:00:00+00
St. Mary's School,Charles,4,11/3/2021,15:00:00+00
St. Mary's School,Anne Arundel,5,11/3/2021,15:00:00+00
St. Michaels Elementary School,Talbot,2,11/3/2021,15:00:00+00
St. Paul's School,Baltimore,9,11/3/2021,15:00:00+00
St. Ursula Catholic School,Baltimore,41,11/3/2021,15:00:00+00
Stephen Decatur High School,Worcester,7,11/3/2021,15:00:00+00
Stephen Decatur Middle School,Worcester,15,11/3/2021,15:00:00+00
Stone Ridge School of the Sacred Heart,Montgomery,2,11/3/2021,15:00:00+00
Summit Park Elementary School,Baltimore,8,11/3/2021,15:00:00+00
The Belair-Edison School,Baltimore City,7,11/3/2021,15:00:00+00
The Foundation School,Prince George's,2,11/3/2021,15:00:00+00
Thomson Estates Elementary School,Cecil,4,11/3/2021,15:00:00+00
Timonium Elementary School,Baltimore,8,11/3/2021,15:00:00+00
Van Bokkelen Elementary,Anne Arundel,2,11/3/2021,15:00:00+00
Washington High School,Somerset,22,11/3/2021,15:00:00+00
Watershed Public Charter School,Baltimore,6,11/3/2021,15:00:00+00
Western Heights Middle School,Washington,33,11/3/2021,15:00:00+00
White Marsh Elementary School,St. Mary's,9,11/3/2021,15:00:00+00
Williamsport High School,Washington,42,11/3/2021,15:00:00+00
Woodmore Elementary School,Prince George's,4,11/3/2021,15:00:00+00
Woodside Elementary School,Anne Arundel,2,11/3/2021,15:00:00+00
Allegany High School,Allegany,40,11/10/2021,15:00:00+00
Alphabet Education Inc at Mary B Neal Elementary,Charles,2,11/10/2021,15:00:00+00
Annapolis Evening High School,Anne Arundel,2,11/10/2021,15:00:00+00
Arundel High School,Anne Arundel,10,11/10/2021,15:00:00+00
Arundel Middle School,Anne Arundel,2,11/10/2021,15:00:00+00
Atholton Elementary School,Howard,6,11/10/2021,15:00:00+00
Barstow Elementary School,Calvert,2,11/10/2021,15:00:00+00
Belvedere Elementary School,Anne Arundel,2,11/10/2021,15:00:00+00
Benfield Elementary,Anne Arundel,2,11/10/2021,15:00:00+00
Berlin Intermediate School,Worcester,2,11/10/2021,15:00:00+00
Bethel Christian Academy,Howard,2,11/10/2021,15:00:00+00
Bonnie Branch Middle School,Howard,3,11/10/2021,15:00:00+00
Boonsboro High School,Washington,2,11/10/2021,15:00:00+00
Braddock Middle School,Allegany,33,11/10/2021,15:00:00+00
Broadneck High School,Anne Arundel,6,11/10/2021,15:00:00+00
Brock Bridge Elementary,Anne Arundel,2,11/10/2021,15:00:00+00
Buckingham Elementary School,Worcester,17,11/10/2021,15:00:00+00
Captain Walter Francis Duke Middle School,St. Mary's,26,11/10/2021,15:00:00+00
Catoctin High School,Frederick,28,11/10/2021,15:00:00+00
Central Middle School,Anne Arundel,2,11/10/2021,15:00:00+00
Century High School,Carroll,5,11/10/2021,15:00:00+00
Chapel Hill Elementary,Baltimore,4,11/10/2021,15:00:00+00
Chesapeake High School,Anne Arundel,50,11/10/2021,15:00:00+00
Chesapeake Science Point Charter School,Anne Arundel,2,11/10/2021,15:00:00+00
Cranberry Station Elementary School,Carroll,2,11/10/2021,15:00:00+00
Crisfield High School,Somerset,33,11/10/2021,15:00:00+00
Crofton Elementary School,Anne Arundel,2,11/10/2021,15:00:00+00
Crofton Woods Elementary School,Anne Arundel,4,11/10/2021,15:00:00+00
Davidsonville Elementary School,Anne Arundel,4,11/10/2021,15:00:00+00
Dayton Oaks Elementary School,Howard,4,11/10/2021,15:00:00+00
Deerfield Elementary School,Harford,5,11/10/2021,15:00:00+00
Dynard Elementary School,St. Mary's,19,11/10/2021,15:00:00+00
Easton Elementary School,Talbot,3,11/10/2021,15:00:00+00
Eastport Elementary School,Anne Arundel,2,11/10/2021,15:00:00+00
Elmer A. Wolfe Elementary School,Carroll,2,11/10/2021,15:00:00+00
Esperanza Middle School,St. Mary's,42,11/10/2021,15:00:00+00
Fifth District Elementary School,Baltimore,5,11/10/2021,15:00:00+00
Forest Ridge Elementary School,Howard,2,11/10/2021,15:00:00+00
Fort Hill High School,Allegany,44,11/10/2021,15:00:00+00
Friendship Valley Elementary School,Carroll,6,11/10/2021,15:00:00+00
Glade Elementary School,Frederick,2,11/10/2021,15:00:00+00
Glenelg High School,Howard,2,11/10/2021,15:00:00+00
Grace Academy,Washington,2,11/10/2021,15:00:00+00
Great Mills High School,St. Mary's,64,11/10/2021,15:00:00+00
Greenwood Elementary School,Somerset,19,11/10/2021,15:00:00+00
Harper's Choice Middle School,Howard,13,11/10/2021,15:00:00+00
Havre de Grace Elementary School,Harford,28,11/10/2021,15:00:00+00
Heather Hills Elementary School,Prince George's,3,11/10/2021,15:00:00+00
Hebron-Harman Elementary School,Anne Arundel,9,11/10/2021,15:00:00+00
Hereford Middle School,Baltimore,4,11/10/2021,15:00:00+00
Hickory Elementary School,Harford,13,11/10/2021,15:00:00+00
Holy Trinity Episcopal School,Prince George's,2,11/10/2021,15:00:00+00
Honeygo Elementary School,Baltimore,6,11/10/2021,15:00:00+00
J. Frank Dent Elementary School,Prince George's,2,11/10/2021,15:00:00+00
Jacksonville Elementary School,Baltimore,12,11/10/2021,15:00:00+00
Jacobsville Elementary School,Anne Arundel,2,11/10/2021,15:00:00+00
John Archer School,Harford,3,11/10/2021,15:00:00+00
Joppa View Elementary School,Baltimore,2,11/10/2021,15:00:00+00
Joppatowne Elementary School,Harford,4,11/10/2021,15:00:00+00
Kennard Elementary School,Queen Anne's,10,11/10/2021,15:00:00+00
Kent Island High School,Queen Anne's,10,11/10/2021,15:00:00+00
Kingsville Elementary School,Baltimore,5,11/10/2021,15:00:00+00
Lamb of God,Baltimore,3,11/10/2021,15:00:00+00
Leonardtown High School,St. Mary's,81,11/10/2021,15:00:00+00
Leonardtown Middle School,St. Mary's,57,11/10/2021,15:00:00+00
Lindale Middle School,Anne Arundel,7,11/10/2021,15:00:00+00
Magothy River Middle School,Anne Arundel,12,11/10/2021,15:00:00+00
Manchester Valley High School,Carroll,6,11/10/2021,15:00:00+00
Margaret Brent Middle School,St. Mary's,101,11/10/2021,15:00:00+00
McDonogh School,Baltimore,9,11/10/2021,15:00:00+00
Middleborough Elementary School,Baltimore,2,11/10/2021,15:00:00+00
Mother Mary Lange Catholic School,Baltimore City,3,11/10/2021,15:00:00+00
Mount Airy Middle School,Carroll,2,11/10/2021,15:00:00+00
Mount Aviat School,Cecil,2,11/10/2021,15:00:00+00
Mount Savage School,Allegany,6,11/10/2021,15:00:00+00
Mount View Middle School,Howard,10,11/10/2021,15:00:00+00
Mountain Ridge High School,Allegany,36,11/10/2021,15:00:00+00
Murray Hill Middle School,Howard,2,11/10/2021,15:00:00+00
North Dorchester Middle School,Dorchester,37,11/10/2021,15:00:00+00
North East Elementary School,Cecil,6,11/10/2021,15:00:00+00
North Harford Elementary School,Harford,5,11/10/2021,15:00:00+00
Northeast High School,Anne Arundel,33,11/10/2021,15:00:00+00
Northern Middle School,Washington,39,11/10/2021,15:00:00+00
Northwest Middle School,Carroll,38,11/10/2021,15:00:00+00
Ocean City Elementary School,Worcester,4,11/10/2021,15:00:00+00
Ohr Chadash Academy,Baltimore City,14,11/10/2021,15:00:00+00
Old Forge Elementary School,Washington,5,11/10/2021,15:00:00+00
Old Mill High School,Anne Arundel,3,11/10/2021,15:00:00+00
Orchard Groves Elementary School,Frederick,18,11/10/2021,15:00:00+00
Our Lady of Lourdes Catholic School,Montgomery,9,11/10/2021,15:00:00+00
Our Lady Star of the Sea School,Calvert,2,11/10/2021,15:00:00+00
Overlook Elementary School,Anne Arundel,2,11/10/2021,15:00:00+00
Parkville Middle School,Baltimore,8,11/10/2021,15:00:00+00
Perry Hall Elementary School,Baltimore,17,11/10/2021,15:00:00+00
Perryville Middle School,Cecil,14,11/10/2021,15:00:00+00
Rising Sun Elementary School,Cecil,4,11/10/2021,15:00:00+00
Riverview Elementary School,Baltimore,2,11/10/2021,15:00:00+00
Roland Park Elementary/Middle School,Baltimore City,8,11/10/2021,15:00:00+00
Rolling Knolls Elementary School,Anne Arundel,2,11/10/2021,15:00:00+00
Rosedale Baptist School Elementary School,Baltimore,3,11/10/2021,15:00:00+00
Running Brook Elementary School,Howard,4,11/10/2021,15:00:00+00
Saint Bernadette School,Montgomery,3,11/10/2021,15:00:00+00
Saint Elizabeth School,Baltimore City,3,11/10/2021,15:00:00+00
Salisbury Baptist Academy,Wicomico,11,11/10/2021,15:00:00+00
Sandymount Elementary School,Carroll,19,11/10/2021,15:00:00+00
Severn River Middle School,Anne Arundel,2,11/10/2021,15:00:00+00
Severna Park High School,Anne Arundel,5,11/10/2021,15:00:00+00
Shady Side Elementary School,Anne Arundel,2,11/10/2021,15:00:00+00
Shiloh Middle School,Carroll,5,11/10/2021,15:00:00+00
Snow Hill Middle School,Worcester,28,11/10/2021,15:00:00+00
Somerset Intermediate School,Somerset,29,11/10/2021,15:00:00+00
Southern High School,Anne Arundel,8,11/10/2021,15:00:00+00
Southern Middle School,Anne Arundel,25,11/10/2021,15:00:00+00
Spring Ridge Middle School,St. Mary's,58,11/10/2021,15:00:00+00
Springfield Middle School,Washington,3,11/10/2021,15:00:00+00
St. Bernadette School,Montgomery,5,11/10/2021,15:00:00+00
St. Francis de Sales Catholic School,Wicomico,2,11/10/2021,15:00:00+00
St. John the Evangelist School,Prince George's,3,11/10/2021,15:00:00+00
St. Mary's School,Prince George's,2,11/10/2021,15:00:00+00
St. Mary's School,Anne Arundel,5,11/10/2021,15:00:00+00
St. Michaels Elementary School,Talbot,2,11/10/2021,15:00:00+00
St. Paul's School,Baltimore,9,11/10/2021,15:00:00+00
St. Ursula Catholic School,Baltimore,44,11/10/2021,15:00:00+00
Stephen Decatur High School,Worcester,7,11/10/2021,15:00:00+00
Stephen Decatur Middle School,Worcester,15,11/10/2021,15:00:00+00
Stepping Stones Learning Academy,Wicomico,2,11/10/2021,15:00:00+00
Sugarloaf Elementary School,Frederick,6,11/10/2021,15:00:00+00
Summit Park Elementary,Baltimore,8,11/10/2021,15:00:00+00
The Foundation School,Prince George's,2,11/10/2021,15:00:00+00
Timonium Elementary School,Baltimore,9,11/10/2021,15:00:00+00
Urbana Middle School,Frederick,3,11/10/2021,15:00:00+00
Van Bokkelen Elementary School,Anne Arundel,2,11/10/2021,15:00:00+00
Washington High School,Somerset,25,11/10/2021,15:00:00+00
Washington Middle School,Allegany,5,11/10/2021,15:00:00+00
Watershed Public Charter School,Baltimore,6,11/10/2021,15:00:00+00
Western Heights Middle School,Washington,36,11/10/2021,15:00:00+00
Westmar Middle School,Allegany,2,11/10/2021,15:00:00+00
Westport Academy,Baltimore City,2,11/10/2021,15:00:00+00
White Oak School,Baltimore,3,11/10/2021,15:00:00+00
Williamsport High School,Washington,43,11/10/2021,15:00:00+00
Windy Hill Elementary School,Calvert,3,11/10/2021,15:00:00+00
Woodside Elementary,Anne Arundel,2,11/10/2021,15:00:00+00
Worcester Prepatory School,Worcester,2,11/10/2021,15:00:00+00
Worthington Elementary School,Howard,2,11/10/2021,15:00:00+00
Youth's Benefit Elementary School,Harford,2,11/10/2021,15:00:00+00
